[{"userName":"pnaisbit6","date":"2018-10-12T04:00:20Z","title":"Donec vitae nisi.","content":"Phasellus in felis. Donec semper sapien a libero. Nam dui.","likes":["ecotterel5"],"comments":[{"userName":"amcnay9","date":"2018-08-01T06:17:43Z","comment":"Mauris enim leo, rhoncus sed, vestibulum sit amet, cursus id, turpis. Integer aliquet, massa id lobortis convallis, tortor risus dapibus augue, vel accumsan tellus nisi eu orci. Mauris lacinia sapien quis libero."},{"userName":"ecotterel5","date":"2018-04-17T02:04:02Z","comment":"In hac habitasse platea dictumst. Morbi vestibulum, velit id pretium iaculis, diam erat fermentum justo, nec condimentum neque sapien placerat ante. Nulla justo."}]},
{"userName":"jwickmann1","date":"2018-03-24T18:37:32Z","title":"Sed sagittis.","content":"Sed sagittis. Nam congue, risus semper porta volutpat, quam pede lobortis ligula, sit amet eleifend pede libero quis orci. Nullam molestie nibh in lectus.\n\nPellentesque at nulla. Suspendisse potenti. Cras in purus eu magna vulputate luctus.\n\nCum sociis natoque penatibus et magnis dis parturient montes, nascetur ridiculus mus. Vivamus vestibulum sagittis sapien. Cum sociis natoque penatibus et magnis dis parturient montes, nascetur ridiculus mus.","likes":["atedahl0","rweben3","jwickmann1","amcnay9","gdumphrey2"],"comments":[{"userName":"gdumphrey2","date":"2018-09-07T09:27:22Z","comment":"Cras non velit nec nisi vulputate nonummy. Maecenas tincidunt lacus at velit. Vivamus vel nulla eget eros elementum pellentesque."}]},
{"userName":"gdumphrey2","date":"2018-06-16T13:36:30Z","title":"In hac habitasse platea dictumst.","content":"Mauris enim leo, rhoncus sed, vestibulum sit amet, cursus id, turpis. Integer aliquet, massa id lobortis convallis, tortor risus dapibus augue, vel accumsan tellus nisi eu orci. Mauris lacinia sapien quis libero.","likes":["ecotterel5"],"comments":[{"userName":"tcolquhoun7","date":"2018-04-13T06:09:22Z","comment":"Quisque porta volutpat erat. Quisque erat eros, viverra eget, congue eget, semper rutrum, nulla. Nunc purus."},{"userName":"rweben3","date":"2018-08-30T16:24:15Z","comment":"Curabitur gravida nisi at nibh. In hac habitasse platea dictumst. Aliquam augue quam, sollicitudin vitae, consectetuer eget, rutrum at, lorem."},{"userName":"atedahl0","date":"2018-09-24T13:51:15Z","comment":"Sed ante. Vivamus tortor. Duis mattis egestas metus."}]},
{"userName":"amcnay9","date":"2018-05-22T20:01:25Z","title":"Integer ac leo.","content":"Morbi porttitor lorem id ligula. Suspendisse ornare consequat lectus. In est risus, auctor sed, tristique in, tempus sit amet, sem.\n\nFusce consequat. Nulla nisl. Nunc nisl.","likes":["tcolquhoun7","atedahl0"],"comments":[{"userName":"gdumphrey2","date":"2018-09-08T03:20:27Z","comment":"Maecenas ut massa quis augue luctus tincidunt. Nulla mollis molestie lorem. Quisque ut erat."},{"userName":"amcnay9","date":"2019-01-17T03:53:29Z","comment":"Cras mi pede, malesuada in, imperdiet et, commodo vulputate, justo. In blandit ultrices enim. Lorem ipsum dolor sit amet, consectetuer adipiscing elit."},{"userName":"amcnay9","date":"2018-11-29T01:29:25Z","comment":"Duis consequat dui nec nisi volutpat eleifend. Donec ut dolor. Morbi vel lectus in quam fringilla rhoncus."},{"userName":"ecotterel5","date":"2019-01-12T04:50:00Z","comment":"In sagittis dui vel nisl. Duis ac nibh. Fusce lacus purus, aliquet at, feugiat non, pretium quis, lectus."},{"userName":"tcolquhoun7","date":"2018-08-22T12:42:19Z","comment":"Maecenas leo odio, condimentum id, luctus nec, molestie sed, justo. Pellentesque viverra pede ac diam. Cras pellentesque volutpat dui."},{"userName":"pnaisbit6","date":"2018-07-08T10:05:37Z","comment":"Maecenas ut massa quis augue luctus tincidunt. Nulla mollis molestie lorem. Quisque ut erat."}]},
{"userName":"ashovelin8","date":"2019-03-05T15:11:48Z","title":"Praesent blandit lacinia erat.","content":"Phasellus in felis. Donec semper sapien a libero. Nam dui.","likes":["amcnay9","rweben3","cyukhnev4","pnaisbit6","atedahl0"],"comments":[{"userName":"tcolquhoun7","date":"2019-01-11T16:23:49Z","comment":"Curabitur in libero ut massa volutpat convallis. Morbi odio odio, elementum eu, interdum eu, tincidunt in, leo. Maecenas pulvinar lobortis est."},{"userName":"atedahl0","date":"2018-06-27T18:35:42Z","comment":"In hac habitasse platea dictumst. Etiam faucibus cursus urna. Ut tellus."}]},
{"userName":"atedahl0","date":"2018-07-26T14:20:47Z","title":"Nulla ut erat id mauris vulputate elementum.","content":"Nullam sit amet turpis elementum ligula vehicula consequat. Morbi a ipsum. Integer a nibh.\n\nIn quis justo. Maecenas rhoncus aliquam lacus. Morbi quis tortor id nulla ultrices aliquet.\n\nMaecenas leo odio, condimentum id, luctus nec, molestie sed, justo. Pellentesque viverra pede ac diam. Cras pellentesque volutpat dui.","likes":["amcnay9","tcolquhoun7","gdumphrey2","cyukhnev4","pnaisbit6","ashovelin8"],"comments":[{"userName":"amcnay9","date":"2018-06-16T06:17:56Z","comment":"Suspendisse potenti. In eleifend quam a odio. In hac habitasse platea dictumst."},{"userName":"tcolquhoun7","date":"2018-08-14T00:24:18Z","comment":"Curabitur in libero ut massa volutpat convallis. Morbi odio odio, elementum eu, interdum eu, tincidunt in, leo. Maecenas pulvinar lobortis est."},{"userName":"ecotterel5","date":"2018-08-11T03:17:11Z","comment":"Sed ante. Vivamus tortor. Duis mattis egestas metus."},{"userName":"ashovelin8","date":"2018-03-21T06:41:58Z","comment":"Vestibulum ac est lacinia nisi venenatis tristique. Fusce congue, diam id ornare imperdiet, sapien urna pretium nisl, ut volutpat sapien arcu sed augue. Aliquam erat volutpat."}]},
{"userName":"gdumphrey2","date":"2018-05-13T12:21:28Z","title":"Suspendisse potenti.","content":"Duis bibendum. Morbi non quam nec dui luctus rutrum. Nulla tellus.\n\nIn sagittis dui vel nisl. Duis ac nibh. Fusce lacus purus, aliquet at, feugiat non, pretium quis, lectus.","likes":["ashovelin8","pnaisbit6","gdumphrey2","tcolquhoun7","ecotterel5","atedahl0"],"comments":[{"userName":"rweben3","date":"2018-04-14T00:16:18Z","comment":"Aenean fermentum. Donec ut mauris eget massa tempor convallis. Nulla neque libero, convallis eget, eleifend luctus, ultricies eu, nibh."},{"userName":"ecotterel5","date":"2018-05-07T02:12:44Z","comment":"Quisque porta volutpat erat. Quisque erat eros, viverra eget, congue eget, semper rutrum, nulla. Nunc purus."},{"userName":"gdumphrey2","date":"2019-02-03T03:37:25Z","comment":"Pellentesque at nulla. Suspendisse potenti. Cras in purus eu magna vulputate luctus."},{"userName":"cyukhnev4","date":"2018-07-11T17:14:21Z","comment":"Suspendisse potenti. In eleifend quam a odio. In hac habitasse platea dictumst."},{"userName":"amcnay9","date":"2018-11-29T11:45:36Z","comment":"In hac habitasse platea dictumst. Etiam faucibus cursus urna. Ut tellus."}]},
{"userName":"cyukhnev4","date":"2018-10-10T02:25:12Z","title":"Proin at turpis a pede posuere nonummy.","content":"Phasellus sit amet erat. Nulla tempus. Vivamus in felis eu sapien cursus vestibulum.","likes":["ashovelin8","ecotterel5","amcnay9","tcolquhoun7"],"comments":[{"userName":"jwickmann1","date":"2019-03-09T19:07:59Z","comment":"Nullam sit amet turpis elementum ligula vehicula consequat. Morbi a ipsum. Integer a nibh."},{"userName":"ecotterel5","date":"2018-10-23T03:00:09Z","comment":"Duis aliquam convallis nunc. Proin at turpis a pede posuere nonummy. Integer non velit."},{"userName":"tcolquhoun7","date":"2018-05-29T08:35:18Z","comment":"In hac habitasse platea dictumst. Etiam faucibus cursus urna. Ut tellus."}]},
{"userName":"pnaisbit6","date":"2018-09-17T17:43:59Z","title":"Praesent id massa id nisl venenatis lacinia.","content":"Proin leo odio, porttitor id, consequat in, consequat ut, nulla. Sed accumsan felis. Ut at dolor quis odio consequat varius.\n\nInteger ac leo. Pellentesque ultrices mattis odio. Donec vitae nisi.\n\nNam ultrices, libero non mattis pulvinar, nulla pede ullamcorper augue, a suscipit nulla elit ac nulla. Sed vel enim sit amet nunc viverra dapibus. Nulla suscipit ligula in lacus.","likes":["pnaisbit6","cyukhnev4","amcnay9","jwickmann1","gdumphrey2","ashovelin8"],"comments":[{"userName":"ecotterel5","date":"2019-03-07T23:43:14Z","comment":"Maecenas leo odio, condimentum id, luctus nec, molestie sed, justo. Pellentesque viverra pede ac diam. Cras pellentesque volutpat dui."},{"userName":"ecotterel5","date":"2018-06-29T13:16:28Z","comment":"Maecenas tristique, est et tempus semper, est quam pharetra magna, ac consequat metus sapien ut nunc. Vestibulum ante ipsum primis in faucibus orci luctus et ultrices posuere cubilia Curae; Mauris viverra diam vitae quam. Suspendisse potenti."},{"userName":"rweben3","date":"2018-10-22T16:30:30Z","comment":"Integer tincidunt ante vel ipsum. Praesent blandit lacinia erat. Vestibulum sed magna at nunc commodo placerat."}]},
{"userName":"rweben3","date":"2018-07-22T10:24:39Z","title":"In tempor, turpis nec euismod scelerisque, quam turpis adipiscing lorem, vitae mattis nibh ligula nec sem.","content":"Nam ultrices, libero non mattis pulvinar, nulla pede ullamcorper augue, a suscipit nulla elit ac nulla. Sed vel enim sit amet nunc viverra dapibus. Nulla suscipit ligula in lacus.\n\nCurabitur at ipsum ac tellus semper interdum. Mauris ullamcorper purus sit amet nulla. Quisque arcu libero, rutrum ac, lobortis vel, dapibus at, diam.","likes":["amcnay9","rweben3"],"comments":[{"userName":"rweben3","date":"2018-06-25T11:37:30Z","comment":"Sed sagittis. Nam congue, risus semper porta volutpat, quam pede lobortis ligula, sit amet eleifend pede libero quis orci. Nullam molestie nibh in lectus."}]},
{"userName":"amcnay9","date":"2018-05-16T16:53:57Z","title":"Phasellus in felis.","content":"Duis consequat dui nec nisi volutpat eleifend. Donec ut dolor. Morbi vel lectus in quam fringilla rhoncus.","likes":["ashovelin8","rweben3","jwickmann1","ecotterel5"],"comments":[{"userName":"pnaisbit6","date":"2018-03-18T00:05:20Z","comment":"Curabitur in libero ut massa volutpat convallis. Morbi odio odio, elementum eu, interdum eu, tincidunt in, leo. Maecenas pulvinar lobortis est."},{"userName":"atedahl0","date":"2019-03-16T12:03:29Z","comment":"Donec diam neque, vestibulum eget, vulputate ut, ultrices vel, augue. Vestibulum ante ipsum primis in faucibus orci luctus et ultrices posuere cubilia Curae; Donec pharetra, magna vestibulum aliquet ultrices, erat tortor sollicitudin mi, sit amet lobortis sapien sapien non mi. Integer ac neque."}]},
{"userName":"pnaisbit6","date":"2018-04-27T23:32:02Z","title":"Proin risus.","content":"Nullam porttitor lacus at turpis. Donec posuere metus vitae ipsum. Aliquam non mauris.","likes":["gdumphrey2","tcolquhoun7","amcnay9"],"comments":[{"userName":"ashovelin8","date":"2018-05-13T21:01:48Z","comment":"In quis justo. Maecenas rhoncus aliquam lacus. Morbi quis tortor id nulla ultrices aliquet."},{"userName":"cyukhnev4","date":"2019-03-02T11:20:21Z","comment":"In hac habitasse platea dictumst. Etiam faucibus cursus urna. Ut tellus."},{"userName":"ecotterel5","date":"2018-11-06T10:39:50Z","comment":"Nulla ut erat id mauris vulputate elementum. Nullam varius. Nulla facilisi."},{"userName":"rweben3","date":"2018-09-08T16:39:50Z","comment":"Etiam vel augue. Vestibulum rutrum rutrum neque. Aenean auctor gravida sem."}]},
{"userName":"amcnay9","date":"2018-04-19T00:14:24Z","title":"Vestibulum ante ipsum primis in faucibus orci luctus et ultrices posuere cubilia Curae; Mauris viverra diam vitae quam.","content":"Pellentesque at nulla. Suspendisse potenti. Cras in purus eu magna vulputate luctus.\n\nCum sociis natoque penatibus et magnis dis parturient montes, nascetur ridiculus mus. Vivamus vestibulum sagittis sapien. Cum sociis natoque penatibus et magnis dis parturient montes, nascetur ridiculus mus.","likes":["tcolquhoun7","cyukhnev4","ashovelin8","atedahl0"],"comments":[{"userName":"tcolquhoun7","date":"2018-05-23T07:35:40Z","comment":"Quisque id justo sit amet sapien dignissim vestibulum. Vestibulum ante ipsum primis in faucibus orci luctus et ultrices posuere cubilia Curae; Nulla dapibus dolor vel est. Donec odio justo, sollicitudin ut, suscipit a, feugiat et, eros."},{"userName":"gdumphrey2","date":"2018-07-07T12:46:35Z","comment":"Quisque porta volutpat erat. Quisque erat eros, viverra eget, congue eget, semper rutrum, nulla. Nunc purus."},{"userName":"gdumphrey2","date":"2018-11-23T21:31:35Z","comment":"Sed sagittis. Nam congue, risus semper porta volutpat, quam pede lobortis ligula, sit amet eleifend pede libero quis orci. Nullam molestie nibh in lectus."},{"userName":"ashovelin8","date":"2018-09-07T04:22:53Z","comment":"Etiam vel augue. Vestibulum rutrum rutrum neque. Aenean auctor gravida sem."},{"userName":"pnaisbit6","date":"2018-07-01T18:22:58Z","comment":"Integer ac leo. Pellentesque ultrices mattis odio. Donec vitae nisi."}]},
{"userName":"gdumphrey2","date":"2018-09-22T12:35:11Z","title":"Aenean lectus.","content":"Nulla ut erat id mauris vulputate elementum. Nullam varius. Nulla facilisi.","likes":["atedahl0","jwickmann1","tcolquhoun7"],"comments":[{"userName":"ashovelin8","date":"2018-09-10T07:40:18Z","comment":"Praesent id massa id nisl venenatis lacinia. Aenean sit amet justo. Morbi ut odio."},{"userName":"ashovelin8","date":"2019-01-01T22:15:52Z","comment":"Fusce consequat. Nulla nisl. Nunc nisl."},{"userName":"ecotterel5","date":"2018-05-05T11:36:04Z","comment":"Curabitur in libero ut massa volutpat convallis. Morbi odio odio, elementum eu, interdum eu, tincidunt in, leo. Maecenas pulvinar lobortis est."},{"userName":"atedahl0","date":"2018-06-13T13:09:31Z","comment":"Praesent blandit. Nam nulla. Integer pede justo, lacinia eget, tincidunt eget, tempus vel, pede."},{"userName":"ecotterel5","date":"2018-12-05T20:50:39Z","comment":"Fusce consequat. Nulla nisl. Nunc nisl."},{"userName":"gdumphrey2","date":"2018-04-24T17:37:10Z","comment":"In quis justo. Maecenas rhoncus aliquam lacus. Morbi quis tortor id nulla ultrices aliquet."}]},
{"userName":"rweben3","date":"2018-04-26T12:52:40Z","title":"Duis mattis egestas metus.","content":"Proin leo odio, porttitor id, consequat in, consequat ut, nulla. Sed accumsan felis. Ut at dolor quis odio consequat varius.","likes":["tcolquhoun7","atedahl0"],"comments":[{"userName":"atedahl0","date":"2018-10-01T12:04:23Z","comment":"Curabitur in libero ut massa volutpat convallis. Morbi odio odio, elementum eu, interdum eu, tincidunt in, leo. Maecenas pulvinar lobortis est."},{"userName":"tcolquhoun7","date":"2018-09-10T18:51:49Z","comment":"Integer ac leo. Pellentesque ultrices mattis odio. Donec vitae nisi."},{"userName":"cyukhnev4","date":"2018-06-18T01:57:02Z","comment":"Praesent id massa id nisl venenatis lacinia. Aenean sit amet justo. Morbi ut odio."},{"userName":"ecotterel5","date":"2018-07-08T17:45:01Z","comment":"Phasellus sit amet erat. Nulla tempus. Vivamus in felis eu sapien cursus vestibulum."},{"userName":"ecotterel5","date":"2018-08-29T05:50:28Z","comment":"Proin leo odio, porttitor id, consequat in, consequat ut, nulla. Sed accumsan felis. Ut at dolor quis odio consequat varius."}]},
{"userName":"atedahl0","date":"2018-09-01T17:25:08Z","title":"Morbi sem mauris, laoreet ut, rhoncus aliquet, pulvinar sed, nisl.","content":"Quisque id justo sit amet sapien dignissim vestibulum. Vestibulum ante ipsum primis in faucibus orci luctus et ultrices posuere cubilia Curae; Nulla dapibus dolor vel est. Donec odio justo, sollicitudin ut, suscipit a, feugiat et, eros.\n\nVestibulum ac est lacinia nisi venenatis tristique. Fusce congue, diam id ornare imperdiet, sapien urna pretium nisl, ut volutpat sapien arcu sed augue. Aliquam erat volutpat.\n\nIn congue. Etiam justo. Etiam pretium iaculis justo.","likes":["cyukhnev4","jwickmann1","amcnay9","rweben3","atedahl0"],"comments":[{"userName":"rweben3","date":"2018-04-09T03:19:08Z","comment":"Cras non velit nec nisi vulputate nonummy. Maecenas tincidunt lacus at velit. Vivamus vel nulla eget eros elementum pellentesque."}]},
{"userName":"ecotterel5","date":"2018-05-23T00:28:34Z","title":"Etiam vel augue.","content":"Etiam vel augue. Vestibulum rutrum rutrum neque. Aenean auctor gravida sem.","likes":["pnaisbit6","ashovelin8","jwickmann1","atedahl0"],"comments":[{"userName":"cyukhnev4","date":"2018-05-18T12:59:06Z","comment":"Duis bibendum, felis sed interdum venenatis, turpis enim blandit mi, in porttitor pede justo eu massa. Donec dapibus. Duis at velit eu est congue elementum."}]},
{"userName":"ashovelin8","date":"2018-09-08T18:44:25Z","title":"Pellentesque viverra pede ac diam.","content":"Cras non velit nec nisi vulputate nonummy. Maecenas tincidunt lacus at velit. Vivamus vel nulla eget eros elementum pellentesque.","likes":["tcolquhoun7","jwickmann1","pnaisbit6","ecotterel5","ashovelin8","cyukhnev4"],"comments":[{"userName":"cyukhnev4","date":"2018-08-26T01:05:36Z","comment":"Maecenas ut massa quis augue luctus tincidunt. Nulla mollis molestie lorem. Quisque ut erat."},{"userName":"ecotterel5","date":"2018-08-30T11:51:24Z","comment":"Nam ultrices, libero non mattis pulvinar, nulla pede ullamcorper augue, a suscipit nulla elit ac nulla. Sed vel enim sit amet nunc viverra dapibus. Nulla suscipit ligula in lacus."},{"userName":"pnaisbit6","date":"2018-11-01T20:54:25Z","comment":"Vestibulum quam sapien, varius ut, blandit non, interdum in, ante. Vestibulum ante ipsum primis in faucibus orci luctus et ultrices posuere cubilia Curae; Duis faucibus accumsan odio. Curabitur convallis."},{"userName":"ecotterel5","date":"2018-09-22T11:37:57Z","comment":"Suspendisse potenti. In eleifend quam a odio. In hac habitasse platea dictumst."},{"userName":"rweben3","date":"2018-07-09T03:50:26Z","comment":"Sed ante. Vivamus tortor. Duis mattis egestas metus."}]},
{"userName":"amcnay9","date":"2019-03-04T18:27:32Z","title":"Etiam vel augue.","content":"Cras non velit nec nisi vulputate nonummy. Maecenas tincidunt lacus at velit. Vivamus vel nulla eget eros elementum pellentesque.\n\nQuisque porta volutpat erat. Quisque erat eros, viverra eget, congue eget, semper rutrum, nulla. Nunc purus.","likes":["jwickmann1","atedahl0","gdumphrey2","pnaisbit6"],"comments":[{"userName":"jwickmann1","date":"2018-11-09T13:02:00Z","comment":"Phasellus in felis. Donec semper sapien a libero. Nam dui."},{"userName":"cyukhnev4","date":"2019-01-10T03:55:21Z","comment":"Mauris enim leo, rhoncus sed, vestibulum sit amet, cursus id, turpis. Integer aliquet, massa id lobortis convallis, tortor risus dapibus augue, vel accumsan tellus nisi eu orci. Mauris lacinia sapien quis libero."},{"userName":"rweben3","date":"2018-11-05T18:49:41Z","comment":"Vestibulum ac est lacinia nisi venenatis tristique. Fusce congue, diam id ornare imperdiet, sapien urna pretium nisl, ut volutpat sapien arcu sed augue. Aliquam erat volutpat."}]},
{"userName":"pnaisbit6","date":"2018-08-06T21:40:02Z","title":"Nam ultrices, libero non mattis pulvinar, nulla pede ullamcorper augue, a suscipit nulla elit ac nulla.","content":"Duis consequat dui nec nisi volutpat eleifend. Donec ut dolor. Morbi vel lectus in quam fringilla rhoncus.","likes":["tcolquhoun7","jwickmann1","amcnay9","cyukhnev4"],"comments":[{"userName":"tcolquhoun7","date":"2018-04-01T06:35:50Z","comment":"Curabitur gravida nisi at nibh. In hac habitasse platea dictumst. Aliquam augue quam, sollicitudin vitae, consectetuer eget, rutrum at, lorem."},{"userName":"amcnay9","date":"2019-03-12T22:13:31Z","comment":"Etiam vel augue. Vestibulum rutrum rutrum neque. Aenean auctor gravida sem."},{"userName":"pnaisbit6","date":"2018-08-02T13:48:32Z","comment":"Sed sagittis. Nam congue, risus semper porta volutpat, quam pede lobortis ligula, sit amet eleifend pede libero quis orci. Nullam molestie nibh in lectus."},{"userName":"cyukhnev4","date":"2018-05-03T13:57:25Z","comment":"Duis bibendum. Morbi non quam nec dui luctus rutrum. Nulla tellus."},{"userName":"tcolquhoun7","date":"2019-01-19T18:59:25Z","comment":"In sagittis dui vel nisl. Duis ac nibh. Fusce lacus purus, aliquet at, feugiat non, pretium quis, lectus."},{"userName":"rweben3","date":"2018-04-11T11:50:55Z","comment":"Aenean lectus. Pellentesque eget nunc. Donec quis orci eget orci vehicula condimentum."}]},
{"userName":"tcolquhoun7","date":"2019-01-08T07:33:02Z","title":"Nulla tellus.","content":"Sed sagittis. Nam congue, risus semper porta volutpat, quam pede lobortis ligula, sit amet eleifend pede libero quis orci. Nullam molestie nibh in lectus.","likes":["rweben3","gdumphrey2","pnaisbit6","ashovelin8","ecotterel5"],"comments":[{"userName":"amcnay9","date":"2018-04-23T23:45:07Z","comment":"Vestibulum ac est lacinia nisi venenatis tristique. Fusce congue, diam id ornare imperdiet, sapien urna pretium nisl, ut volutpat sapien arcu sed augue. Aliquam erat volutpat."},{"userName":"gdumphrey2","date":"2019-03-05T01:56:02Z","comment":"Nullam sit amet turpis elementum ligula vehicula consequat. Morbi a ipsum. Integer a nibh."},{"userName":"amcnay9","date":"2018-05-16T21:49:26Z","comment":"Proin interdum mauris non ligula pellentesque ultrices. Phasellus id sapien in sapien iaculis congue. Vivamus metus arcu, adipiscing molestie, hendrerit at, vulputate vitae, nisl."},{"userName":"rweben3","date":"2018-05-05T21:19:12Z","comment":"Morbi porttitor lorem id ligula. Suspendisse ornare consequat lectus. In est risus, auctor sed, tristique in, tempus sit amet, sem."}]},
{"userName":"ashovelin8","date":"2018-04-05T08:27:20Z","title":"In blandit ultrices enim.","content":"Morbi porttitor lorem id ligula. Suspendisse ornare consequat lectus. In est risus, auctor sed, tristique in, tempus sit amet, sem.","likes":["ecotterel5","cyukhnev4","gdumphrey2","jwickmann1","ashovelin8"],"comments":[{"userName":"amcnay9","date":"2018-10-05T17:23:37Z","comment":"Sed sagittis. Nam congue, risus semper porta volutpat, quam pede lobortis ligula, sit amet eleifend pede libero quis orci. Nullam molestie nibh in lectus."},{"userName":"tcolquhoun7","date":"2018-05-17T15:00:50Z","comment":"In hac habitasse platea dictumst. Etiam faucibus cursus urna. Ut tellus."},{"userName":"amcnay9","date":"2018-06-09T20:47:36Z","comment":"Cras mi pede, malesuada in, imperdiet et, commodo vulputate, justo. In blandit ultrices enim. Lorem ipsum dolor sit amet, consectetuer adipiscing elit."},{"userName":"gdumphrey2","date":"2018-12-24T06:27:18Z","comment":"Phasellus in felis. Donec semper sapien a libero. Nam dui."},{"userName":"rweben3","date":"2018-12-17T12:51:37Z","comment":"Duis consequat dui nec nisi volutpat eleifend. Donec ut dolor. Morbi vel lectus in quam fringilla rhoncus."}]},
{"userName":"rweben3","date":"2019-02-22T20:26:39Z","title":"Curabitur convallis.","content":"Lorem ipsum dolor sit amet, consectetuer adipiscing elit. Proin risus. Praesent lectus.\n\nVestibulum quam sapien, varius ut, blandit non, interdum in, ante. Vestibulum ante ipsum primis in faucibus orci luctus et ultrices posuere cubilia Curae; Duis faucibus accumsan odio. Curabitur convallis.\n\nDuis consequat dui nec nisi volutpat eleifend. Donec ut dolor. Morbi vel lectus in quam fringilla rhoncus.","likes":["cyukhnev4","ashovelin8","rweben3","gdumphrey2"],"comments":[{"userName":"cyukhnev4","date":"2018-08-02T19:44:11Z","comment":"Praesent blandit. Nam nulla. Integer pede justo, lacinia eget, tincidunt eget, tempus vel, pede."},{"userName":"atedahl0","date":"2018-08-01T01:32:16Z","comment":"Phasellus in felis. Donec semper sapien a libero. Nam dui."},{"userName":"rweben3","date":"2018-12-29T01:29:15Z","comment":"Aenean lectus. Pellentesque eget nunc. Donec quis orci eget orci vehicula condimentum."},{"userName":"pnaisbit6","date":"2019-01-04T03:08:44Z","comment":"Phasellus in felis. Donec semper sapien a libero. Nam dui."}]},
{"userName":"ashovelin8","date":"2018-08-05T03:36:48Z","title":"In hac habitasse platea dictumst.","content":"Phasellus in felis. Donec semper sapien a libero. Nam dui.","likes":["jwickmann1","tcolquhoun7","amcnay9"],"comments":[{"userName":"cyukhnev4","date":"2018-04-05T22:13:06Z","comment":"Donec diam neque, vestibulum eget, vulputate ut, ultrices vel, augue. Vestibulum ante ipsum primis in faucibus orci luctus et ultrices posuere cubilia Curae; Donec pharetra, magna vestibulum aliquet ultrices, erat tortor sollicitudin mi, sit amet lobortis sapien sapien non mi. Integer ac neque."},{"userName":"ecotterel5","date":"2018-12-09T04:25:37Z","comment":"Integer ac leo. Pellentesque ultrices mattis odio. Donec vitae nisi."}]},
{"userName":"atedahl0","date":"2018-06-26T12:06:19Z","title":"In eleifend quam a odio.","content":"Morbi non lectus. Aliquam sit amet diam in magna bibendum imperdiet. Nullam orci pede, venenatis non, sodales sed, tincidunt eu, felis.","likes":["gdumphrey2","pnaisbit6","tcolquhoun7"],"comments":[{"userName":"atedahl0","date":"2019-02-05T04:40:06Z","comment":"Mauris enim leo, rhoncus sed, vestibulum sit amet, cursus id, turpis. Integer aliquet, massa id lobortis convallis, tortor risus dapibus augue, vel accumsan tellus nisi eu orci. Mauris lacinia sapien quis libero."}]},
{"userName":"amcnay9","date":"2018-12-15T09:00:59Z","title":"Aliquam erat volutpat.","content":"Aenean fermentum. Donec ut mauris eget massa tempor convallis. Nulla neque libero, convallis eget, eleifend luctus, ultricies eu, nibh.\n\nQuisque id justo sit amet sapien dignissim vestibulum. Vestibulum ante ipsum primis in faucibus orci luctus et ultrices posuere cubilia Curae; Nulla dapibus dolor vel est. Donec odio justo, sollicitudin ut, suscipit a, feugiat et, eros.","likes":["atedahl0","cyukhnev4"],"comments":[{"userName":"tcolquhoun7","date":"2018-08-28T21:06:21Z","comment":"Pellentesque at nulla. Suspendisse potenti. Cras in purus eu magna vulputate luctus."},{"userName":"amcnay9","date":"2018-10-19T16:41:00Z","comment":"Maecenas ut massa quis augue luctus tincidunt. Nulla mollis molestie lorem. Quisque ut erat."},{"userName":"cyukhnev4","date":"2018-12-25T05:48:17Z","comment":"Maecenas tristique, est et tempus semper, est quam pharetra magna, ac consequat metus sapien ut nunc. Vestibulum ante ipsum primis in faucibus orci luctus et ultrices posuere cubilia Curae; Mauris viverra diam vitae quam. Suspendisse potenti."}]},
{"userName":"amcnay9","date":"2018-06-03T00:19:35Z","title":"Sed sagittis.","content":"Sed sagittis. Nam congue, risus semper porta volutpat, quam pede lobortis ligula, sit amet eleifend pede libero quis orci. Nullam molestie nibh in lectus.\n\nPellentesque at nulla. Suspendisse potenti. Cras in purus eu magna vulputate luctus.","likes":["ashovelin8"],"comments":[{"userName":"jwickmann1","date":"2018-07-28T00:06:20Z","comment":"In congue. Etiam justo. Etiam pretium iaculis justo."},{"userName":"atedahl0","date":"2018-11-11T23:07:35Z","comment":"Phasellus in felis. Donec semper sapien a libero. Nam dui."},{"userName":"pnaisbit6","date":"2018-04-05T14:46:30Z","comment":"Duis aliquam convallis nunc. Proin at turpis a pede posuere nonummy. Integer non velit."},{"userName":"pnaisbit6","date":"2018-12-10T15:17:44Z","comment":"Quisque porta volutpat erat. Quisque erat eros, viverra eget, congue eget, semper rutrum, nulla. Nunc purus."},{"userName":"cyukhnev4","date":"2018-04-21T09:23:20Z","comment":"Integer tincidunt ante vel ipsum. Praesent blandit lacinia erat. Vestibulum sed magna at nunc commodo placerat."},{"userName":"ecotterel5","date":"2018-06-22T17:10:25Z","comment":"Nullam porttitor lacus at turpis. Donec posuere metus vitae ipsum. Aliquam non mauris."}]},
{"userName":"jwickmann1","date":"2019-01-25T16:20:16Z","title":"Vestibulum ante ipsum primis in faucibus orci luctus et ultrices posuere cubilia Curae; Donec pharetra, magna vestibulum aliquet ultrices, erat tortor sollicitudin mi, sit amet lobortis sapien sapien non mi.","content":"Vestibulum quam sapien, varius ut, blandit non, interdum in, ante. Vestibulum ante ipsum primis in faucibus orci luctus et ultrices posuere cubilia Curae; Duis faucibus accumsan odio. Curabitur convallis.\n\nDuis consequat dui nec nisi volutpat eleifend. Donec ut dolor. Morbi vel lectus in quam fringilla rhoncus.","likes":["atedahl0","pnaisbit6","jwickmann1","ecotterel5"],"comments":[{"userName":"jwickmann1","date":"2018-05-30T00:41:36Z","comment":"Sed ante. Vivamus tortor. Duis mattis egestas metus."},{"userName":"cyukhnev4","date":"2019-01-04T17:17:12Z","comment":"Cum sociis natoque penatibus et magnis dis parturient montes, nascetur ridiculus mus. Vivamus vestibulum sagittis sapien. Cum sociis natoque penatibus et magnis dis parturient montes, nascetur ridiculus mus."}]},
{"userName":"amcnay9","date":"2019-03-07T23:42:56Z","title":"Nullam orci pede, venenatis non, sodales sed, tincidunt eu, felis.","content":"Integer tincidunt ante vel ipsum. Praesent blandit lacinia erat. Vestibulum sed magna at nunc commodo placerat.","likes":["cyukhnev4","amcnay9","pnaisbit6","gdumphrey2","ecotterel5"],"comments":[{"userName":"jwickmann1","date":"2019-01-17T15:03:24Z","comment":"Nullam porttitor lacus at turpis. Donec posuere metus vitae ipsum. Aliquam non mauris."}]},
{"userName":"gdumphrey2","date":"2018-08-08T03:38:49Z","title":"Cras non velit nec nisi vulputate nonummy.","content":"Duis bibendum. Morbi non quam nec dui luctus rutrum. Nulla tellus.\n\nIn sagittis dui vel nisl. Duis ac nibh. Fusce lacus purus, aliquet at, feugiat non, pretium quis, lectus.","likes":["ecotterel5","rweben3","amcnay9","tcolquhoun7","atedahl0","pnaisbit6"],"comments":[{"userName":"tcolquhoun7","date":"2018-11-09T00:43:55Z","comment":"In hac habitasse platea dictumst. Etiam faucibus cursus urna. Ut tellus."},{"userName":"amcnay9","date":"2019-03-07T12:33:29Z","comment":"Vestibulum quam sapien, varius ut, blandit non, interdum in, ante. Vestibulum ante ipsum primis in faucibus orci luctus et ultrices posuere cubilia Curae; Duis faucibus accumsan odio. Curabitur convallis."},{"userName":"tcolquhoun7","date":"2018-04-17T21:08:59Z","comment":"Aliquam quis turpis eget elit sodales scelerisque. Mauris sit amet eros. Suspendisse accumsan tortor quis turpis."},{"userName":"ecotterel5","date":"2019-01-02T19:08:47Z","comment":"Cum sociis natoque penatibus et magnis dis parturient montes, nascetur ridiculus mus. Vivamus vestibulum sagittis sapien. Cum sociis natoque penatibus et magnis dis parturient montes, nascetur ridiculus mus."},{"userName":"cyukhnev4","date":"2019-02-10T10:07:20Z","comment":"In congue. Etiam justo. Etiam pretium iaculis justo."},{"userName":"atedahl0","date":"2019-01-10T23:20:22Z","comment":"Aliquam quis turpis eget elit sodales scelerisque. Mauris sit amet eros. Suspendisse accumsan tortor quis turpis."}]},
{"userName":"cyukhnev4","date":"2018-08-16T12:37:06Z","title":"Curabitur convallis.","content":"Quisque id justo sit amet sapien dignissim vestibulum. Vestibulum ante ipsum primis in faucibus orci luctus et ultrices posuere cubilia Curae; Nulla dapibus dolor vel est. Donec odio justo, sollicitudin ut, suscipit a, feugiat et, eros.\n\nVestibulum ac est lacinia nisi venenatis tristique. Fusce congue, diam id ornare imperdiet, sapien urna pretium nisl, ut volutpat sapien arcu sed augue. Aliquam erat volutpat.\n\nIn congue. Etiam justo. Etiam pretium iaculis justo.","likes":["cyukhnev4"],"comments":[{"userName":"gdumphrey2","date":"2018-11-01T05:27:56Z","comment":"Vestibulum quam sapien, varius ut, blandit non, interdum in, ante. Vestibulum ante ipsum primis in faucibus orci luctus et ultrices posuere cubilia Curae; Duis faucibus accumsan odio. Curabitur convallis."},{"userName":"rweben3","date":"2018-12-28T13:13:39Z","comment":"Integer ac leo. Pellentesque ultrices mattis odio. Donec vitae nisi."}]},
{"userName":"tcolquhoun7","date":"2018-12-10T04:32:37Z","title":"Integer ac leo.","content":"Quisque porta volutpat erat. Quisque erat eros, viverra eget, congue eget, semper rutrum, nulla. Nunc purus.\n\nPhasellus in felis. Donec semper sapien a libero. Nam dui.\n\nProin leo odio, porttitor id, consequat in, consequat ut, nulla. Sed accumsan felis. Ut at dolor quis odio consequat varius.","likes":["gdumphrey2","amcnay9"],"comments":[{"userName":"amcnay9","date":"2018-07-29T18:38:37Z","comment":"In quis justo. Maecenas rhoncus aliquam lacus. Morbi quis tortor id nulla ultrices aliquet."},{"userName":"pnaisbit6","date":"2018-07-14T01:14:15Z","comment":"Phasellus sit amet erat. Nulla tempus. Vivamus in felis eu sapien cursus vestibulum."}]},
{"userName":"ecotterel5","date":"2018-09-21T20:35:46Z","title":"Phasellus in felis.","content":"Proin leo odio, porttitor id, consequat in, consequat ut, nulla. Sed accumsan felis. Ut at dolor quis odio consequat varius.\n\nInteger ac leo. Pellentesque ultrices mattis odio. Donec vitae nisi.\n\nNam ultrices, libero non mattis pulvinar, nulla pede ullamcorper augue, a suscipit nulla elit ac nulla. Sed vel enim sit amet nunc viverra dapibus. Nulla suscipit ligula in lacus.","likes":["amcnay9","ashovelin8","jwickmann1"],"comments":[{"userName":"rweben3","date":"2019-01-10T19:59:24Z","comment":"Aliquam quis turpis eget elit sodales scelerisque. Mauris sit amet eros. Suspendisse accumsan tortor quis turpis."},{"userName":"tcolquhoun7","date":"2018-06-29T00:29:37Z","comment":"In sagittis dui vel nisl. Duis ac nibh. Fusce lacus purus, aliquet at, feugiat non, pretium quis, lectus."},{"userName":"tcolquhoun7","date":"2018-07-06T13:23:13Z","comment":"Pellentesque at nulla. Suspendisse potenti. Cras in purus eu magna vulputate luctus."}]},
{"userName":"ashovelin8","date":"2018-07-01T05:37:45Z","title":"Maecenas pulvinar lobortis est.","content":"Duis aliquam convallis nunc. Proin at turpis a pede posuere nonummy. Integer non velit.","likes":["atedahl0","rweben3","ecotterel5"],"comments":[{"userName":"ashovelin8","date":"2018-10-09T06:12:50Z","comment":"Maecenas leo odio, condimentum id, luctus nec, molestie sed, justo. Pellentesque viverra pede ac diam. Cras pellentesque volutpat dui."}]},
{"userName":"ecotterel5","date":"2019-02-03T15:45:09Z","title":"Fusce lacus purus, aliquet at, feugiat non, pretium quis, lectus.","content":"Sed sagittis. Nam congue, risus semper porta volutpat, quam pede lobortis ligula, sit amet eleifend pede libero quis orci. Nullam molestie nibh in lectus.","likes":["ashovelin8","gdumphrey2","ecotterel5"],"comments":[{"userName":"gdumphrey2","date":"2018-04-13T14:51:46Z","comment":"In hac habitasse platea dictumst. Etiam faucibus cursus urna. Ut tellus."},{"userName":"ecotterel5","date":"2019-01-26T09:09:45Z","comment":"Nullam porttitor lacus at turpis. Donec posuere metus vitae ipsum. Aliquam non mauris."},{"userName":"rweben3","date":"2018-12-04T14:00:41Z","comment":"Cras mi pede, malesuada in, imperdiet et, commodo vulputate, justo. In blandit ultrices enim. Lorem ipsum dolor sit amet, consectetuer adipiscing elit."},{"userName":"jwickmann1","date":"2018-06-02T00:00:39Z","comment":"Quisque porta volutpat erat. Quisque erat eros, viverra eget, congue eget, semper rutrum, nulla. Nunc purus."},{"userName":"jwickmann1","date":"2018-11-06T02:49:57Z","comment":"Maecenas tristique, est et tempus semper, est quam pharetra magna, ac consequat metus sapien ut nunc. Vestibulum ante ipsum primis in faucibus orci luctus et ultrices posuere cubilia Curae; Mauris viverra diam vitae quam. Suspendisse potenti."}]},
{"userName":"atedahl0","date":"2019-03-09T00:01:15Z","title":"Nulla facilisi.","content":"Morbi non lectus. Aliquam sit amet diam in magna bibendum imperdiet. Nullam orci pede, venenatis non, sodales sed, tincidunt eu, felis.\n\nFusce posuere felis sed lacus. Morbi sem mauris, laoreet ut, rhoncus aliquet, pulvinar sed, nisl. Nunc rhoncus dui vel sem.","likes":["amcnay9","cyukhnev4","pnaisbit6"],"comments":[{"userName":"jwickmann1","date":"2018-12-14T15:12:32Z","comment":"Curabitur in libero ut massa volutpat convallis. Morbi odio odio, elementum eu, interdum eu, tincidunt in, leo. Maecenas pulvinar lobortis est."}]},
{"userName":"jwickmann1","date":"2018-06-19T02:51:27Z","title":"Integer pede justo, lacinia eget, tincidunt eget, tempus vel, pede.","content":"Vestibulum ac est lacinia nisi venenatis tristique. Fusce congue, diam id ornare imperdiet, sapien urna pretium nisl, ut volutpat sapien arcu sed augue. Aliquam erat volutpat.\n\nIn congue. Etiam justo. Etiam pretium iaculis justo.\n\nIn hac habitasse platea dictumst. Etiam faucibus cursus urna. Ut tellus.","likes":["atedahl0","pnaisbit6","rweben3","tcolquhoun7","cyukhnev4","jwickmann1"],"comments":[{"userName":"cyukhnev4","date":"2018-07-27T20:26:16Z","comment":"Phasellus sit amet erat. Nulla tempus. Vivamus in felis eu sapien cursus vestibulum."},{"userName":"amcnay9","date":"2018-03-18T18:57:38Z","comment":"In quis justo. Maecenas rhoncus aliquam lacus. Morbi quis tortor id nulla ultrices aliquet."}]},
{"userName":"jwickmann1","date":"2018-11-25T17:11:22Z","title":"Morbi non lectus.","content":"Nullam sit amet turpis elementum ligula vehicula consequat. Morbi a ipsum. Integer a nibh.","likes":["pnaisbit6","gdumphrey2","ashovelin8","cyukhnev4","atedahl0"],"comments":[{"userName":"atedahl0","date":"2018-05-28T13:13:27Z","comment":"Nam ultrices, libero non mattis pulvinar, nulla pede ullamcorper augue, a suscipit nulla elit ac nulla. Sed vel enim sit amet nunc viverra dapibus. Nulla suscipit ligula in lacus."}]},
{"userName":"pnaisbit6","date":"2018-11-19T03:30:43Z","title":"Vivamus metus arcu, adipiscing molestie, hendrerit at, vulputate vitae, nisl.","content":"Morbi porttitor lorem id ligula. Suspendisse ornare consequat lectus. In est risus, auctor sed, tristique in, tempus sit amet, sem.\n\nFusce consequat. Nulla nisl. Nunc nisl.\n\nDuis bibendum, felis sed interdum venenatis, turpis enim blandit mi, in porttitor pede justo eu massa. Donec dapibus. Duis at velit eu est congue elementum.","likes":["pnaisbit6"],"comments":[{"userName":"ashovelin8","date":"2018-12-02T00:05:04Z","comment":"Curabitur gravida nisi at nibh. In hac habitasse platea dictumst. Aliquam augue quam, sollicitudin vitae, consectetuer eget, rutrum at, lorem."},{"userName":"jwickmann1","date":"2018-09-19T16:46:56Z","comment":"Phasellus sit amet erat. Nulla tempus. Vivamus in felis eu sapien cursus vestibulum."},{"userName":"rweben3","date":"2019-01-14T19:01:13Z","comment":"Duis bibendum. Morbi non quam nec dui luctus rutrum. Nulla tellus."},{"userName":"tcolquhoun7","date":"2018-09-16T22:55:23Z","comment":"Nam ultrices, libero non mattis pulvinar, nulla pede ullamcorper augue, a suscipit nulla elit ac nulla. Sed vel enim sit amet nunc viverra dapibus. Nulla suscipit ligula in lacus."}]},
{"userName":"tcolquhoun7","date":"2018-04-10T05:53:48Z","title":"Integer pede justo, lacinia eget, tincidunt eget, tempus vel, pede.","content":"Cras mi pede, malesuada in, imperdiet et, commodo vulputate, justo. In blandit ultrices enim. Lorem ipsum dolor sit amet, consectetuer adipiscing elit.\n\nProin interdum mauris non ligula pellentesque ultrices. Phasellus id sapien in sapien iaculis congue. Vivamus metus arcu, adipiscing molestie, hendrerit at, vulputate vitae, nisl.\n\nAenean lectus. Pellentesque eget nunc. Donec quis orci eget orci vehicula condimentum.","likes":["pnaisbit6"],"comments":[{"userName":"ecotterel5","date":"2018-07-25T01:52:00Z","comment":"Fusce consequat. Nulla nisl. Nunc nisl."},{"userName":"jwickmann1","date":"2018-04-24T09:53:20Z","comment":"Integer tincidunt ante vel ipsum. Praesent blandit lacinia erat. Vestibulum sed magna at nunc commodo placerat."},{"userName":"gdumphrey2","date":"2018-05-30T08:46:51Z","comment":"Nullam porttitor lacus at turpis. Donec posuere metus vitae ipsum. Aliquam non mauris."}]}]